{
  "stats": {
    "totalPharmacies": 419,
    "totalCities": 240,
    "citiesWithDelivery": 152
  },
  "topCities": [
    {
      "slug": "berlin",
      "name": "Berlin",
      "state": "Berlin",
      "pharmacyCount": 27,
      "hasDelivery": true
    },
    {
      "slug": "unknown",
      "name": "Unknown",
      "state": "",
      "pharmacyCount": 19,
      "hasDelivery": true
    },
    {
      "slug": "muenchen",
      "name": "München",
      "state": "Bayern",
      "pharmacyCount": 12,
      "hasDelivery": true
    },
    {
      "slug": "hamburg",
      "name": "Hamburg",
      "state": "Hamburg",
      "pharmacyCount": 12,
      "hasDelivery": true
    },
    {
      "slug": "duesseldorf",
      "name": "Düsseldorf",
      "state": "Nordrhein-Westfalen",
      "pharmacyCount": 9,
      "hasDelivery": true
    },
    {
      "slug": "nuernberg",
      "name": "Nürnberg",
      "state": "Bayern",
      "pharmacyCount": 7,
      "hasDelivery": true
    },
    {
      "slug": "koeln",
      "name": "Köln",
      "state": "Nordrhein-Westfalen",
      "pharmacyCount": 7,
      "hasDelivery": true
    },
    {
      "slug": "mannheim",
      "name": "Mannheim",
      "state": "Baden-Württemberg",
      "pharmacyCount": 6,
      "hasDelivery": true
    },
    {
      "slug": "bonn",
      "name": "Bonn",
      "state": "Nordrhein-Westfalen",
      "pharmacyCount": 6,
      "hasDelivery": true
    },
    {
      "slug": "muenster",
      "name": "Münster",
      "state": "Nordrhein-Westfalen",
      "pharmacyCount": 6,
      "hasDelivery": true
    },
    {
      "slug": "augsburg",
      "name": "Augsburg",
      "state": "Bayern",
      "pharmacyCount": 6,
      "hasDelivery": true
    },
    {
      "slug": "stuttgart",
      "name": "Stuttgart",
      "state": "Baden-Württemberg",
      "pharmacyCount": 6,
      "hasDelivery": true
    },
    {
      "slug": "frankfurt-am-main",
      "name": "Frankfurt am Main",
      "state": "Hessen",
      "pharmacyCount": 6,
      "hasDelivery": true
    },
    {
      "slug": "karlsruhe",
      "name": "Karlsruhe",
      "state": "Baden-Württemberg",
      "pharmacyCount": 5,
      "hasDelivery": true
    },
    {
      "slug": "dortmund",
      "name": "Dortmund",
      "state": "Nordrhein-Westfalen",
      "pharmacyCount": 5,
      "hasDelivery": true
    },
    {
      "slug": "paderborn",
      "name": "Paderborn",
      "state": "Nordrhein-Westfalen",
      "pharmacyCount": 4,
      "hasDelivery": true
    },
    {
      "slug": "krefeld",
      "name": "Krefeld",
      "state": "Nordrhein-Westfalen",
      "pharmacyCount": 4,
      "hasDelivery": true
    },
    {
      "slug": "bochum",
      "name": "Bochum",
      "state": "Nordrhein-Westfalen",
      "pharmacyCount": 4,
      "hasDelivery": true
    },
    {
      "slug": "wiesbaden",
      "name": "Wiesbaden",
      "state": "Hessen",
      "pharmacyCount": 4,
      "hasDelivery": true
    },
    {
      "slug": "bad-neuenahr-ahrweiler",
      "name": "Bad Neuenahr-Ahrweiler",
      "state": "Rheinland-Pfalz",
      "pharmacyCount": 3,
      "hasDelivery": true
    }
  ],
  "citiesByState": {
    "Berlin": [
      {
        "slug": "berlin",
        "name": "Berlin",
        "pharmacyCount": 27
      }
    ],
    "Sonstige": [
      {
        "slug": "unknown",
        "name": "Unknown",
        "pharmacyCount": 19
      },
      {
        "slug": "marburg",
        "name": "Marburg",
        "pharmacyCount": 3
      }
    ],
    "Bayern": [
      {
        "slug": "muenchen",
        "name": "München",
        "pharmacyCount": 12
      },
      {
        "slug": "nuernberg",
        "name": "Nürnberg",
        "pharmacyCount": 7
      },
      {
        "slug": "augsburg",
        "name": "Augsburg",
        "pharmacyCount": 6
      },
      {
        "slug": "landshut",
        "name": "Landshut",
        "pharmacyCount": 3
      },
      {
        "slug": "erlangen",
        "name": "Erlangen",
        "pharmacyCount": 2
      },
      {
        "slug": "ansbach",
        "name": "Ansbach",
        "pharmacyCount": 2
      },
      {
        "slug": "straubing",
        "name": "Straubing",
        "pharmacyCount": 2
      },
      {
        "slug": "passau",
        "name": "Passau",
        "pharmacyCount": 2
      },
      {
        "slug": "fuerth",
        "name": "Fürth",
        "pharmacyCount": 1
      },
      {
        "slug": "puchheim",
        "name": "Puchheim",
        "pharmacyCount": 1
      }
    ],
    "Hamburg": [
      {
        "slug": "hamburg",
        "name": "Hamburg",
        "pharmacyCount": 12
      }
    ],
    "Nordrhein-Westfalen": [
      {
        "slug": "duesseldorf",
        "name": "Düsseldorf",
        "pharmacyCount": 9
      },
      {
        "slug": "koeln",
        "name": "Köln",
        "pharmacyCount": 7
      },
      {
        "slug": "bonn",
        "name": "Bonn",
        "pharmacyCount": 6
      },
      {
        "slug": "muenster",
        "name": "Münster",
        "pharmacyCount": 6
      },
      {
        "slug": "dortmund",
        "name": "Dortmund",
        "pharmacyCount": 5
      },
      {
        "slug": "paderborn",
        "name": "Paderborn",
        "pharmacyCount": 4
      },
      {
        "slug": "krefeld",
        "name": "Krefeld",
        "pharmacyCount": 4
      },
      {
        "slug": "bochum",
        "name": "Bochum",
        "pharmacyCount": 4
      },
      {
        "slug": "essen",
        "name": "Essen",
        "pharmacyCount": 3
      },
      {
        "slug": "bruehl",
        "name": "Brühl",
        "pharmacyCount": 3
      }
    ],
    "Baden-Württemberg": [
      {
        "slug": "mannheim",
        "name": "Mannheim",
        "pharmacyCount": 6
      },
      {
        "slug": "stuttgart",
        "name": "Stuttgart",
        "pharmacyCount": 6
      },
      {
        "slug": "karlsruhe",
        "name": "Karlsruhe",
        "pharmacyCount": 5
      },
      {
        "slug": "baden-baden",
        "name": "Baden-Baden",
        "pharmacyCount": 3
      },
      {
        "slug": "tuebingen",
        "name": "Tübingen",
        "pharmacyCount": 2
      },
      {
        "slug": "heidelberg",
        "name": "Heidelberg",
        "pharmacyCount": 2
      },
      {
        "slug": "filderstadt",
        "name": "Filderstadt",
        "pharmacyCount": 2
      },
      {
        "slug": "freiburg-im-breisgau",
        "name": "Freiburg im Breisgau",
        "pharmacyCount": 2
      },
      {
        "slug": "konstanz",
        "name": "Konstanz",
        "pharmacyCount": 1
      },
      {
        "slug": "esslingen-am-neckar",
        "name": "Esslingen am Neckar",
        "pharmacyCount": 1
      }
    ],
    "Hessen": [
      {
        "slug": "frankfurt-am-main",
        "name": "Frankfurt am Main",
        "pharmacyCount": 6
      },
      {
        "slug": "wiesbaden",
        "name": "Wiesbaden",
        "pharmacyCount": 4
      },
      {
        "slug": "hanau",
        "name": "Hanau",
        "pharmacyCount": 3
      },
      {
        "slug": "kassel",
        "name": "Kassel",
        "pharmacyCount": 3
      },
      {
        "slug": "otzberg",
        "name": "Otzberg",
        "pharmacyCount": 2
      },
      {
        "slug": "bensheim",
        "name": "Bensheim",
        "pharmacyCount": 2
      },
      {
        "slug": "moerfelden-walldorf",
        "name": "Mörfelden-Walldorf",
        "pharmacyCount": 2
      },
      {
        "slug": "darmstadt",
        "name": "Darmstadt",
        "pharmacyCount": 2
      },
      {
        "slug": "offenbach-am-main",
        "name": "Offenbach am Main",
        "pharmacyCount": 1
      },
      {
        "slug": "usingen",
        "name": "Usingen",
        "pharmacyCount": 1
      }
    ],
    "Rheinland-Pfalz": [
      {
        "slug": "bad-neuenahr-ahrweiler",
        "name": "Bad Neuenahr-Ahrweiler",
        "pharmacyCount": 3
      },
      {
        "slug": "mainz",
        "name": "Mainz",
        "pharmacyCount": 3
      },
      {
        "slug": "speyer",
        "name": "Speyer",
        "pharmacyCount": 2
      },
      {
        "slug": "frankenthal-pfalz",
        "name": "Frankenthal (Pfalz)",
        "pharmacyCount": 1
      },
      {
        "slug": "koblenz",
        "name": "Koblenz",
        "pharmacyCount": 1
      },
      {
        "slug": "germersheim",
        "name": "Germersheim",
        "pharmacyCount": 1
      },
      {
        "slug": "neuwied",
        "name": "Neuwied",
        "pharmacyCount": 1
      },
      {
        "slug": "mendig",
        "name": "Mendig",
        "pharmacyCount": 1
      },
      {
        "slug": "kastellaun",
        "name": "Kastellaun",
        "pharmacyCount": 1
      },
      {
        "slug": "gruenstadt",
        "name": "Grünstadt",
        "pharmacyCount": 1
      }
    ],
    "Saarland": [
      {
        "slug": "saarbruecken",
        "name": "Saarbrücken",
        "pharmacyCount": 3
      },
      {
        "slug": "blieskastel",
        "name": "Blieskastel",
        "pharmacyCount": 1
      }
    ],
    "Sachsen": [
      {
        "slug": "leipzig",
        "name": "Leipzig",
        "pharmacyCount": 2
      },
      {
        "slug": "schneeberg",
        "name": "Schneeberg",
        "pharmacyCount": 1
      },
      {
        "slug": "dresden",
        "name": "Dresden",
        "pharmacyCount": 1
      },
      {
        "slug": "zwickau",
        "name": "Zwickau",
        "pharmacyCount": 1
      },
      {
        "slug": "markkleeberg",
        "name": "Markkleeberg",
        "pharmacyCount": 1
      },
      {
        "slug": "chemnitz",
        "name": "Chemnitz",
        "pharmacyCount": 1
      }
    ],
    "Niedersachsen": [
      {
        "slug": "braunschweig",
        "name": "Braunschweig",
        "pharmacyCount": 2
      },
      {
        "slug": "melle",
        "name": "Melle",
        "pharmacyCount": 1
      },
      {
        "slug": "meppen",
        "name": "Meppen",
        "pharmacyCount": 1
      },
      {
        "slug": "salzgitter",
        "name": "Salzgitter",
        "pharmacyCount": 1
      },
      {
        "slug": "cloppenburg",
        "name": "Cloppenburg",
        "pharmacyCount": 1
      },
      {
        "slug": "garbsen",
        "name": "Garbsen",
        "pharmacyCount": 1
      },
      {
        "slug": "osnabrueck",
        "name": "Osnabrück",
        "pharmacyCount": 1
      },
      {
        "slug": "brome",
        "name": "Brome",
        "pharmacyCount": 1
      },
      {
        "slug": "langenhagen",
        "name": "Langenhagen",
        "pharmacyCount": 1
      },
      {
        "slug": "oldenburg",
        "name": "Oldenburg",
        "pharmacyCount": 1
      }
    ],
    "Sachsen-Anhalt": [
      {
        "slug": "magdeburg",
        "name": "Magdeburg",
        "pharmacyCount": 2
      },
      {
        "slug": "halle-saale",
        "name": "Halle (Saale)",
        "pharmacyCount": 2
      },
      {
        "slug": "hohe-boerde",
        "name": "Hohe Börde",
        "pharmacyCount": 1
      },
      {
        "slug": "bitterfeld-wolfen",
        "name": "Bitterfeld-Wolfen",
        "pharmacyCount": 1
      },
      {
        "slug": "lutherstadt-eisleben",
        "name": "Lutherstadt Eisleben",
        "pharmacyCount": 1
      },
      {
        "slug": "hecklingen",
        "name": "Hecklingen",
        "pharmacyCount": 1
      },
      {
        "slug": "thale",
        "name": "Thale",
        "pharmacyCount": 1
      },
      {
        "slug": "lutherstadt-wittenberg",
        "name": "Lutherstadt Wittenberg",
        "pharmacyCount": 1
      }
    ],
    "Brandenburg": [
      {
        "slug": "teltow",
        "name": "Teltow",
        "pharmacyCount": 1
      },
      {
        "slug": "brandenburg-an-der-havel",
        "name": "Brandenburg an der Havel",
        "pharmacyCount": 1
      },
      {
        "slug": "forst-lausitz",
        "name": "Forst (Lausitz)",
        "pharmacyCount": 1
      }
    ],
    "Thüringen": [
      {
        "slug": "bad-berka",
        "name": "Bad Berka",
        "pharmacyCount": 1
      },
      {
        "slug": "muehlhausen-thueringen",
        "name": "Mühlhausen/Thüringen",
        "pharmacyCount": 1
      },
      {
        "slug": "erfurt",
        "name": "Erfurt",
        "pharmacyCount": 1
      }
    ],
    "Schleswig-Holstein": [
      {
        "slug": "neumuenster",
        "name": "Neumünster",
        "pharmacyCount": 1
      }
    ],
    "Mecklenburg-Vorpommern": [
      {
        "slug": "stralsund",
        "name": "Stralsund",
        "pharmacyCount": 1
      },
      {
        "slug": "greifswald",
        "name": "Greifswald",
        "pharmacyCount": 1
      }
    ]
  },
  "seo": {
    "meta": {
      "title": "Cannabis Apotheke Deutschland - 419 Apotheken in 240 Städten",
      "description": "Finde Cannabis Apotheken in Deutschland. 419 Apotheken in 240 Städten. Preise vergleichen, Lieferung & Abholung.",
      "canonical": "https://cannabisblueten.de/cannabis-apotheke",
      "robots": {
        "index": true,
        "follow": true
      },
      "openGraph": {
        "title": "Cannabis Apotheke Deutschland - 419 Apotheken in 240 Städten",
        "description": "Finde Cannabis Apotheken in Deutschland. 419 Apotheken in 240 Städten. Preise vergleichen, Lieferung & Abholung.",
        "url": "https://cannabisblueten.de/cannabis-apotheke",
        "type": "website",
        "siteName": "CannabisBlueten.de",
        "locale": "de_DE"
      }
    },
    "breadcrumbs": [
      {
        "name": "Home",
        "href": "https://cannabisblueten.de"
      },
      {
        "name": "Cannabis Apotheke",
        "href": "https://cannabisblueten.de/cannabis-apotheke"
      }
    ],
    "schema": [
      {
        "@context": "https://schema.org",
        "@type": "BreadcrumbList",
        "itemListElement": [
          {
            "@type": "ListItem",
            "position": 1,
            "name": "Home",
            "item": "https://cannabisblueten.de"
          },
          {
            "@type": "ListItem",
            "position": 2,
            "name": "Cannabis Apotheke",
            "item": "https://cannabisblueten.de/cannabis-apotheke"
          }
        ]
      }
    ]
  },
  "links": {
    "topCities": [
      {
        "href": "/cannabis-apotheke/berlin",
        "text": "Cannabis Apotheke Berlin",
        "title": "27 Apotheken in Berlin"
      },
      {
        "href": "/cannabis-apotheke/unknown",
        "text": "Cannabis Apotheke Unknown",
        "title": "19 Apotheken in Unknown"
      },
      {
        "href": "/cannabis-apotheke/muenchen",
        "text": "Cannabis Apotheke München",
        "title": "12 Apotheken in München"
      },
      {
        "href": "/cannabis-apotheke/hamburg",
        "text": "Cannabis Apotheke Hamburg",
        "title": "12 Apotheken in Hamburg"
      },
      {
        "href": "/cannabis-apotheke/duesseldorf",
        "text": "Cannabis Apotheke Düsseldorf",
        "title": "9 Apotheken in Düsseldorf"
      },
      {
        "href": "/cannabis-apotheke/nuernberg",
        "text": "Cannabis Apotheke Nürnberg",
        "title": "7 Apotheken in Nürnberg"
      },
      {
        "href": "/cannabis-apotheke/koeln",
        "text": "Cannabis Apotheke Köln",
        "title": "7 Apotheken in Köln"
      },
      {
        "href": "/cannabis-apotheke/mannheim",
        "text": "Cannabis Apotheke Mannheim",
        "title": "6 Apotheken in Mannheim"
      },
      {
        "href": "/cannabis-apotheke/bonn",
        "text": "Cannabis Apotheke Bonn",
        "title": "6 Apotheken in Bonn"
      },
      {
        "href": "/cannabis-apotheke/muenster",
        "text": "Cannabis Apotheke Münster",
        "title": "6 Apotheken in Münster"
      },
      {
        "href": "/cannabis-apotheke/augsburg",
        "text": "Cannabis Apotheke Augsburg",
        "title": "6 Apotheken in Augsburg"
      },
      {
        "href": "/cannabis-apotheke/stuttgart",
        "text": "Cannabis Apotheke Stuttgart",
        "title": "6 Apotheken in Stuttgart"
      },
      {
        "href": "/cannabis-apotheke/frankfurt-am-main",
        "text": "Cannabis Apotheke Frankfurt am Main",
        "title": "6 Apotheken in Frankfurt am Main"
      },
      {
        "href": "/cannabis-apotheke/karlsruhe",
        "text": "Cannabis Apotheke Karlsruhe",
        "title": "5 Apotheken in Karlsruhe"
      },
      {
        "href": "/cannabis-apotheke/dortmund",
        "text": "Cannabis Apotheke Dortmund",
        "title": "5 Apotheken in Dortmund"
      },
      {
        "href": "/cannabis-apotheke/paderborn",
        "text": "Cannabis Apotheke Paderborn",
        "title": "4 Apotheken in Paderborn"
      },
      {
        "href": "/cannabis-apotheke/krefeld",
        "text": "Cannabis Apotheke Krefeld",
        "title": "4 Apotheken in Krefeld"
      },
      {
        "href": "/cannabis-apotheke/bochum",
        "text": "Cannabis Apotheke Bochum",
        "title": "4 Apotheken in Bochum"
      },
      {
        "href": "/cannabis-apotheke/wiesbaden",
        "text": "Cannabis Apotheke Wiesbaden",
        "title": "4 Apotheken in Wiesbaden"
      },
      {
        "href": "/cannabis-apotheke/bad-neuenahr-ahrweiler",
        "text": "Cannabis Apotheke Bad Neuenahr-Ahrweiler",
        "title": "3 Apotheken in Bad Neuenahr-Ahrweiler"
      }
    ]
  }
}